name,title_firm,city_context,linkedin_url
Roelof Botha,Managing Partner - Sequoia Capital,Menlo Park,https://www.linkedin.com/in/roelofbotha/
David Cahn,Partner - Sequoia Capital,Menlo Park,https://www.linkedin.com/in/david-cahn-60150793/
Jess Lee,Partner - Sequoia Capital,Menlo Park,https://www.linkedin.com/in/jesskah
Bill Coughran,Partner - Sequoia Capital,Menlo Park,https://www.linkedin.com/in/billcoughran
Stephanie Zhan,Partner - Sequoia Capital,Menlo Park,https://www.linkedin.com/in/stephaniezhan
Michael Moritz,Partner - Sequoia Heritage,Menlo Park,https://www.linkedin.com/in/michaelmoritz/
Sonya Huang,Partner - Sequoia Capital,Menlo Park,https://www.linkedin.com/in/sonyaruihuang/
Andrew Reed,Partner - Sequoia Capital,Menlo Park,https://www.linkedin.com/in/andrew-reed-sequoia
Douglas Leone,Partner - Sequoia Capital,Atherton,https://www.linkedin.com/in/douglas-leone-a2714/
Croom Beatty,Partner - Menlo Ventures,Menlo Park,https://www.linkedin.com/in/croombeatty/
C.C. Gong,Partner - Menlo Ventures,Menlo Park,https://www.linkedin.com/in/ccxgong
Shawn Carolan,Partner - Menlo Ventures,Menlo Park,https://www.linkedin.com/in/scarolan
Houman Haghighi,Partner - Menlo Ventures,Menlo Park,https://www.linkedin.com/in/houman/
Rama Sekhar,Partner - Menlo Ventures,Menlo Park,https://www.linkedin.com/in/ramasekhar/
Steve Sloane,Partner - Menlo Ventures,Menlo Park,https://www.linkedin.com/in/steve-sloane-7a00ba30
Tim Tully,Partner - Menlo Ventures,Menlo Park,https://www.linkedin.com/in/timothytully
Asheem Chandna,Partner - Greylock Partners,Menlo Park,https://www.linkedin.com/in/chandna/
Jerry Chen,Partner - Greylock Partners,Menlo Park,https://www.linkedin.com/in/jerrychenprofile/
David Sze,Partner - Greylock Partners,Menlo Park,https://www.linkedin.com/in/davidsze
Mike Duboe,General Partner - Greylock Partners,Menlo Park,https://www.linkedin.com/in/mikeduboe
Saam Motamedi,Partner - Greylock Partners,Menlo Park,https://www.linkedin.com/in/saammotamedi/
Reid Hoffman,Partner - Greylock Partners,Menlo Park,https://www.linkedin.com/in/reidhoffman/
Lee Haney,Partner - Greylock Partners,Menlo Park,https://www.linkedin.com/in/leehaney
Christine Kim,Investor - Greylock Partners,Menlo Park,https://www.linkedin.com/in/christinexkim
Josh McFarland,Partner - Greylock Partners,Menlo Park,https://www.linkedin.com/in/joshmcfarland
Jonathan Lai,General Partner - Andreessen Horowitz,Menlo Park,https://www.linkedin.com/in/jlai84
Jorge Conde,General Partner - Andreessen Horowitz,Menlo Park,https://www.linkedin.com/in/jorge-conde-4099225/
Guido Appenzeller,Partner - Andreessen Horowitz,Menlo Park,https://www.linkedin.com/in/appenz
Andrew Chen,General Partner - Andreessen Horowitz,Menlo Park,https://www.linkedin.com/in/andrewchen/
Andrew Omori,Partner - Andreessen Horowitz,Menlo Park,https://www.linkedin.com/in/andrewomori/
Alex Rampell,General Partner - Andreessen Horowitz,Menlo Park,https://www.linkedin.com/in/arampell/
Jennifer Li,Partner - Andreessen Horowitz,Menlo Park,https://www.linkedin.com/in/jenniferhli
Kimberly Tan,Investing Partner - Andreessen Horowitz,Menlo Park,https://www.linkedin.com/in/kimberlywtan
Jeremy Liew,Partner - Lightspeed Venture Partners,Menlo Park,https://www.linkedin.com/in/jeremyliew
Nnamdi Iregbulem,Partner - Lightspeed Venture Partners,Menlo Park,https://www.linkedin.com/in/nnamdiiregbulem/
Barry Eggers,Founding Partner - Lightspeed Venture Partners,Menlo Park,https://www.linkedin.com/in/barry-eggers-3b63692
Ravi Mhatre,Founder - Lightspeed Venture Partners,Menlo Park,https://www.linkedin.com/in/ravimhatre/
Peter Nieh,Founder - Lightspeed Venture Partners,Menlo Park,https://www.linkedin.com/in/peternieh/
Luke Beseda,Partner - Lightspeed Venture Partners,Menlo Park,https://www.linkedin.com/in/lbeseda/
Christopher Schaepe,Founder - Lightspeed Venture Partners,Menlo Park,https://www.linkedin.com/in/christopher-schaepe-49463334/
Sam Eisler,Partner - Lightspeed Venture Partners,Menlo Park,https://www.linkedin.com/in/sam-eisler/
John Doerr,Chairman - Kleiner Perkins,Menlo Park,https://www.linkedin.com/in/john-doerr-03248211/
Ted Schlein,General Partner - Ballistic Ventures,Menlo Park,https://www.linkedin.com/in/ted-schlein-5630184b/
Ilya Fushman,Partner - Kleiner Perkins,Menlo Park,https://www.linkedin.com/in/ilyafushman/
Mamoon Hamid,Managing Partner - Kleiner Perkins,Menlo Park,https://www.linkedin.com/in/mamoonha
Leigh Marie Braswell,Partner - Kleiner Perkins,Menlo Park,https://www.linkedin.com/in/leigh-marie-braswell/
Ryan Panchadsaram,Investor - Kleiner Perkins,Menlo Park,https://www.linkedin.com/in/ryanpanchadsaram
Samir Kaul,General Partner - Khosla Ventures,Menlo Park,https://www.linkedin.com/in/samir-kaul-9227b64
Rajesh Swaminathan,Partner - Khosla Ventures,Menlo Park,https://www.linkedin.com/in/rajeshswaminathan
Adina Tecklu,Partner - Khosla Ventures,Menlo Park,https://www.linkedin.com/in/adinatecklu/
Kanu Gulati,Partner - Khosla Ventures,Menlo Park,https://www.linkedin.com/in/kanugulati/
Vijay Karunamurthy,Partner - Khosla Ventures,Menlo Park,https://www.linkedin.com/in/vjkaruna/
Sven Strohband,Managing Director - Khosla Ventures,Menlo Park,https://www.linkedin.com/in/sven-strohband-348b841/
Vinod Khosla,Founder - Khosla Ventures,Portola Valley,https://www.linkedin.com/in/vinod-khosla-65387416/
Mike Speiser,Managing Director - Sutter Hill Ventures,Palo Alto,https://www.linkedin.com/in/mikespeiser/
Doug Mohr,Partner - Sutter Hill Ventures,Palo Alto,https://www.linkedin.com/in/mohrsquared/
Sam Pullara,Managing Director - Sutter Hill Ventures,Palo Alto,https://www.linkedin.com/in/spullara/
Stefan Dyckerhoff,Managing Director - Sutter Hill Ventures,Palo Alto,https://www.linkedin.com/in/stefandyckerhoff
Navin Chaddha,Managing Partner - Mayfield,Menlo Park,https://www.linkedin.com/in/navinchaddha
Sri Pangulur,Partner - Mayfield,Menlo Park,https://www.linkedin.com/in/sripangulur
Brooke Seawell,Partner - New Enterprise Associates,Menlo Park,https://www.linkedin.com/in/brooke-seawell-89511a18/
Aaron Jacobson,Partner - New Enterprise Associates,Menlo Park,https://www.linkedin.com/in/aaronejacobson
Andrew Schoen,Partner - New Enterprise Associates,Menlo Park,https://www.linkedin.com/in/andrewaschoen/
Jeff Immelt,Venture Partner - New Enterprise Associates,Menlo Park,https://www.linkedin.com/in/jeffimmelt/
Steve Loughlin,Partner - Accel,Palo Alto,https://www.linkedin.com/in/steveloughlin/
Peter Fenton,General Partner - Benchmark,Palo Alto,https://www.linkedin.com/in/peter-fenton-0b117
Jeff Brody,Partner - Redpoint Ventures,Menlo Park,https://www.linkedin.com/in/brodyjeff/
Chris Moore,Partner - Redpoint Ventures,Menlo Park,https://www.linkedin.com/in/moorechris/
Meera Clark,Partner - Redpoint Ventures,Menlo Park,https://www.linkedin.com/in/meera-clark-95b38077
Jordan Segall,Partner - Redpoint Ventures,Menlo Park,https://www.linkedin.com/in/jordan-segall-7b938632/
John Malloy,General Partner - BlueRun Ventures,Menlo Park,https://www.linkedin.com/in/malloyjohn/
Byron Deeter,Partner - Bessemer Venture Partners,Menlo Park,https://www.linkedin.com/in/byrondeeter
Jeff Epstein,Operating Partner - Bessemer Venture Partners,Menlo Park,https://www.linkedin.com/in/jeffepstein1
David Cowan,Partner - Bessemer Venture Partners,Menlo Park,https://www.linkedin.com/in/davidjcowan/
Brian Feinstein,Partner - Bessemer Venture Partners,Menlo Park,https://www.linkedin.com/in/brianfeinstein
Charles Birnbaum,Partner - Bessemer Venture Partners,Menlo Park,https://www.linkedin.com/in/charlesbirnbaum
Sean Jacobsohn,Partner - Norwest Venture Partners,Menlo Park,https://www.linkedin.com/in/seanjacobsohn
Promod Haque,Senior Managing Partner - Norwest Venture Partners,Menlo Park,https://www.linkedin.com/in/promodhaque
Sonya Brown,General Partner - Norwest Venture Partners,Menlo Park,https://www.linkedin.com/in/brownsonya
Randy Glein,Partner - DFJ Growth,Menlo Park,https://www.linkedin.com/in/randyglein
Josh Stein,Partner - Threshold Ventures,Menlo Park,https://www.linkedin.com/in/joshsteinvc
Ashu Garg,General Partner - Foundation Capital,Menlo Park,https://www.linkedin.com/in/ashugargvc
William Davidow,Founder - Mohr Davidow Ventures,Menlo Park,https://www.linkedin.com/in/william-davidow/
Patrick S. Chung,Managing General Partner - Xfund,Palo Alto,https://www.linkedin.com/in/pschung/
Ramneek Gupta,Founder - PruVen Capital,Palo Alto,https://www.linkedin.com/in/ramneekgupta
Lu Zhang,Founder & Managing Partner - Fusion Fund,Palo Alto,https://www.linkedin.com/in/luzhangvc
Jon Callaghan,Co-Founder - True Ventures,Palo Alto,https://www.linkedin.com/in/joncallaghan
Matt Caspari,Managing Partner - Alumni Ventures,Palo Alto,https://www.linkedin.com/in/deeptechvc/
Calvin Chin,Managing Partner - E14 Fund,Palo Alto,https://www.linkedin.com/in/calvinwuchin
Aman Verjee,Founder & General Partner - Practical Venture Capital,Palo Alto,https://www.linkedin.com/in/aman-verjee/
Bradley Horowitz,General Partner - Wisdom Ventures,Palo Alto,https://www.linkedin.com/in/bradleyhorowitz
Jason Pontin,General Partner - DCVC,Palo Alto,https://www.linkedin.com/in/jasonpontin
Ho Nam,Managing Director - Altos Ventures,Palo Alto,https://www.linkedin.com/in/honam
Alex Lazovsky,Partner - Palo Alto Growth Capital,Palo Alto,https://www.linkedin.com/in/alex-lazovsky/
John Wilson,Partner - Palisades Venture Partners,Palo Alto,https://www.linkedin.com/in/john-wilson-2190182b
Gaurav Garg,Founding Partner - Wing Venture Capital,Atherton,https://www.linkedin.com/in/gagarg/
David Krane,CEO & Managing Partner - GV,Atherton,https://www.linkedin.com/in/davidkrane
Benjamin Narasin,Founder - Tenacity Venture Capital,Atherton,https://www.linkedin.com/in/bennarasin
Sreekanth Ravi,Investor & Entrepreneur,Atherton,https://www.linkedin.com/in/sreekanthravi/
Dean Foster,Investor,Atherton,https://www.linkedin.com/in/dean-foster-0436a47/
Prabhu Goel,Investor,Atherton,https://www.linkedin.com/in/prabhu-goel-b373798/
Sam Schillace,Angel Investor,Portola Valley,https://www.linkedin.com/in/schillace
Lise Buyer,Investor / Class V Group,Portola Valley,https://www.linkedin.com/in/lisebuyer/
Dale Pfau,Venture Capital / PE,Portola Valley,https://www.linkedin.com/in/dale-pfau-45152b1/
Joy Fairbanks,Founder - Fairbanks Venture Advisors,Portola Valley,https://www.linkedin.com/in/joy-fairbanks-b94395185/
Andrew Farquharson,Managing Director - InCube Ventures,Portola Valley,https://www.linkedin.com/in/andrewfarq/
